gen,param,score0,score1
1,"[1, 1, 0, 0, 0, 0, 2, 1, 1, 1, 2, 3, 1, 1]",0.5247524976730347,0.004416648546854655
2,"[1, 1, 0, 0, 0, 0, 2, 1, 1, 1, 2, 3, 1, 1]",0.5247524976730347,0.004416648546854655
