gen,param,score0,score1
1,"[2, 0, 1, 0, 1, 2, 1, 2, 2, 2, 3, 3, 0, 2, 1, 3, 3, 0, 0]",0.9743000864982605,2.583886241912842
2,"[0, 2, 0, 0, 0, 0, 2, 2, 2, 2, 0, 0, 0, 2, 1, 3, 1, 1, 2]",0.9783000946044922,1.6515911261240641
3,"[0, 2, 0, 0, 0, 0, 2, 2, 2, 2, 0, 0, 0, 2, 1, 3, 1, 1, 2]",0.9783000946044922,1.6515911261240641
4,"[0, 0, 0, 0, 0, 0, 2, 2, 2, 2, 0, 0, 0, 2, 1, 3, 1, 1, 2]",0.9797001481056213,1.7782607038815816
5,"[0, 2, 0, 0, 0, 0, 0, 2, 2, 2, 0, 0, 0, 2, 1, 3, 1, 1, 2]",0.9798001646995544,10.010946695009867
6,"[0, 2, 0, 0, 0, 0, 0, 2, 2, 2, 0, 0, 0, 2, 1, 3, 1, 1, 2]",0.9798001646995544,10.010946695009867
7,"[0, 0, 0, 0, 0, 0, 0, 2, 2, 2, 0, 0, 0, 2, 1, 3, 1, 1, 2]",0.9803001284599304,10.40644812186559
