gen,param,score0,score1
1,"[2, 3, 0, 0, 0, 2, 2, 0, 2, 1, 2, 3, 1, 3, 2, 3, 1, 0, 1]",0.5247524976730347,0.006035451094309489
2,"[2, 3, 0, 0, 0, 2, 2, 0, 2, 1, 2, 3, 1, 3, 2, 3, 1, 0, 1]",0.5247524976730347,0.006035451094309489
