gen,param,score0,score1
1,"[1, 2, 1, 0, 1, 3, 1, 1, 2, 2, 3, 0, 0, 1, 2, 1, 2, 1, 0]",0.37950000166893005,0.6067159016927083
2,"[1, 2, 1, 0, 1, 3, 1, 1, 2, 2, 3, 0, 0, 1, 0, 1, 2, 1, 0]",0.6705999970436096,0.6404181003570557
