gen,param,score0,score1
1,"[3, 1, 1, 0, 1, 1, 1, 2, 1, 1, 3, 3, 1, 1]",0.6930692791938782,0.06213138103485107
2,"[3, 1, 1, 0, 1, 1, 1, 2, 1, 1, 3, 3, 1, 1]",0.6930692791938782,0.06213138103485107
3,"[3, 2, 0, 0, 1, 0, 2, 3, 1, 1, 1, 1, 0, 2]",0.9900989532470703,0.242816698551178
