gen,param,score0,score1
1,"[3, 3, 1, 0, 0, 0, 2, 1, 2, 2, 2, 3, 0, 2, 2, 2, 3, 1, 2]",0.8787000179290771,0.4841337998708089
2,"[3, 2, 1, 0, 0, 0, 2, 1, 2, 2, 2, 3, 0, 2, 2, 2, 3, 1, 2]",0.8805999755859375,0.5038004676500957
