gen,param,score0,score1
1,"[2, 2, 1, 0, 1, 2, 2, 0, 1, 1, 2, 2, 1, 1]",0.8474000692367554,0.033336532115936277
2,"[2, 2, 1, 0, 1, 2, 2, 0, 1, 1, 2, 1, 1, 1]",0.8581001162528992,0.01601027250289917
