gen,param,score0,score1
1,"[3, 2, 1, 0, 1, 2, 1, 0, 1, 0, 3, 3, 0, 2]",0.4899998903274536,0.011640838781992595
2,"[3, 2, 1, 0, 1, 2, 1, 0, 1, 0, 3, 3, 0, 2]",0.4899998903274536,0.011640838781992595
