epoch,test_accuracy,train_accuracy,train_loss
1,0.3366336524486542,0.33152762055397034,1.3991715908050537
