gen,param,score0,score1
1,"[2, 1, 0, 0, 1, 0, 2, 0, 1, 2, 3, 3, 0, 2]",0.5247524976730347,0.01682881514231364
2,"[2, 1, 0, 0, 1, 0, 2, 0, 1, 2, 3, 3, 0, 2]",0.5247524976730347,0.01682881514231364
